timestamp	status	companies	boards	found	filtered_title	filtered_tier	filtered_location	filtered_posting_age	filtered_salary	filtered_content	filtered_cooldown	dupes	new_added	errors	filtered_blacklist
2026-07-13T09:01:58.380Z	completed	1	0	2000	1886	0	0	0	0	0	0	107	7	0	0
2026-07-21T06:34:38.271Z	completed	86	1	5607	4649	0	0	0	0	0	0	204	754	17	0
2026-07-23T11:13:07.773Z	completed	86	1	5834	4818	0	0	0	0	0	0	846	170	12	0
2026-07-23T11:14:32.406Z	completed	86	1	5834	4819	0	0	0	0	0	0	981	34	12	0
2026-07-25T11:11:40.073Z	completed	86	1	5843	4834	0	0	0	0	0	0	967	42	12	0
2026-07-28T15:44:39.575Z	completed	86	1	5656	4695	0	0	0	0	0	0	926	35	15	0
2026-07-28T15:53:30.865Z	completed	86	5	5841	4847	0	0	0	0	0	0	977	17	14	0
2026-07-28T16:27:07.113Z	completed	86	5	5811	4818	0	0	0	0	0	0	989	4	15	0
2026-07-28T16:27:32.977Z	completed	0	1	48	41	0	0	0	0	0	0	7	0	0	0
2026-07-28T17:51:10.377Z	completed	86	5	4799	3978	0	0	0	0	0	0	818	3	22	0
2026-07-28T17:56:58.826Z	completed	86	5	5505	4554	0	0	0	0	0	0	949	2	17	0
2026-07-28T17:57:08.510Z	completed	0	0	0	0	0	0	0	0	0	0	0	0	0	0
2026-07-28T17:59:54.184Z	completed	86	5	5825	4833	0	0	0	0	0	0	990	2	15	0
2026-07-29T02:22:45.736Z	completed	86	32	7845	6626	0	0	0	0	0	0	1008	211	17	0
2026-07-29T02:23:32.840Z	completed	86	32	7969	6721	0	0	0	0	0	0	1224	24	16	0
2026-07-29T06:28:37.991Z	completed	86	32	7671	6447	0	0	0	0	0	0	1215	9	20	0
2026-07-29T16:04:31.536Z	completed	86	39	8347	7060	0	0	0	0	0	0	1249	38	18	0
2026-07-29T16:13:26.791Z	completed	0	0	0	0	0	0	0	0	0	0	0	0	0	0
2026-08-03T10:56:23.223Z	completed	8	11	728	25	0	0	0	0	0	0	182	521	5	0
2026-08-03T10:57:05.480Z	completed	8	11	775	27	0	0	0	0	0	0	690	58	4	0
2026-10-02T08:11:03.023Z	completed	8	13	742	29	0	0	0	0	0	0	108	605	5	0
